<?xml version="1.0" ?>
<LOG_ROOT>
	<PROJECT NAME="Lab6">
		<CBX_INST_ENTRY INSTANCE_NAME="|ALUProblem3|ALUModifiedPart3:inst3|lpm_divide:Div0" CBX_FILE_NAME="lpm_divide_1dm.tdf"/>
		<CBX_INST_ENTRY INSTANCE_NAME="|ALUProblem3|sseg:inst|lpm_mux:Mux2" CBX_FILE_NAME="mux_joc.tdf"/>
		<CBX_INST_ENTRY INSTANCE_NAME="|ALUProblem3|sseg:inst|lpm_mux:Mux6" CBX_FILE_NAME="mux_joc.tdf"/>
		<CBX_INST_ENTRY INSTANCE_NAME="|ALUProblem3|ALUModifiedPart3:inst3|lpm_divide:Mod0" CBX_FILE_NAME="lpm_divide_85m.tdf"/>
		<CBX_INST_ENTRY INSTANCE_NAME="|ALUProblem3|sseg:inst|lpm_mux:Mux1" CBX_FILE_NAME="mux_joc.tdf"/>
		<CBX_INST_ENTRY INSTANCE_NAME="|ALUProblem3|sseg:inst|lpm_mux:Mux3" CBX_FILE_NAME="mux_joc.tdf"/>
		<CBX_INST_ENTRY INSTANCE_NAME="|ALUProblem3|sseg:inst|lpm_mux:Mux5" CBX_FILE_NAME="mux_joc.tdf"/>
		<CBX_INST_ENTRY INSTANCE_NAME="|ALUProblem3|sseg:inst|lpm_mux:Mux0" CBX_FILE_NAME="mux_joc.tdf"/>
		<CBX_INST_ENTRY INSTANCE_NAME="|ALUProblem3|sseg:inst|lpm_mux:Mux4" CBX_FILE_NAME="mux_joc.tdf"/>
	</PROJECT>
</LOG_ROOT>
